GROUP,PACKAGE,CLASS,INSTRUCTION_MISSED,INSTRUCTION_COVERED,BRANCH_MISSED,BRANCH_COVERED,LINE_MISSED,LINE_COVERED,COMPLEXITY_MISSED,COMPLEXITY_COVERED,METHOD_MISSED,METHOD_COVERED
ms-logistic-delivery :: bootstrap/ms-logistic-delivery-infrastructure,com.nurtricenter.logisticdelivery.infrastructure.persistence,GeoSupport,0,32,0,0,0,5,0,3,0,3
ms-logistic-delivery :: bootstrap/ms-logistic-delivery-infrastructure,com.nurtricenter.logisticdelivery.infrastructure.persistence,EntregaRepositoryJpa,0,71,0,0,0,13,0,6,0,6
ms-logistic-delivery :: bootstrap/ms-logistic-delivery-infrastructure,com.nurtricenter.logisticdelivery.infrastructure.persistence,RutaRepositoryJpa,0,73,0,0,0,15,0,6,0,6
ms-logistic-delivery :: bootstrap/ms-logistic-delivery-infrastructure,com.nurtricenter.logisticdelivery.infrastructure.rest,ConsultaController,0,40,0,0,0,9,0,5,0,5
ms-logistic-delivery :: bootstrap/ms-logistic-delivery-infrastructure,com.nurtricenter.logisticdelivery.infrastructure.rest,RutaController,0,59,0,0,0,15,0,6,0,6
ms-logistic-delivery :: bootstrap/ms-logistic-delivery-infrastructure,com.nurtricenter.logisticdelivery.infrastructure.rest,GeocodingController,0,20,0,0,0,5,0,2,0,2
ms-logistic-delivery :: bootstrap/ms-logistic-delivery-infrastructure,com.nurtricenter.logisticdelivery.infrastructure.rest,GlobalExceptionHandler,2,74,1,1,0,11,1,7,0,7
ms-logistic-delivery :: bootstrap/ms-logistic-delivery-infrastructure,com.nurtricenter.logisticdelivery.infrastructure.rest,EntregaController,0,47,0,0,0,12,0,4,0,4
ms-logistic-delivery :: bootstrap/ms-logistic-delivery-infrastructure,com.nurtricenter.logisticdelivery.infrastructure.acl,ProveedorDeMapasStub,12,97,2,4,5,20,2,6,0,5
ms-logistic-delivery :: bootstrap/ms-logistic-delivery-infrastructure,com.nurtricenter.logisticdelivery.infrastructure.acl,GeocodificadorAcl,15,59,0,0,3,16,0,5,0,5
ms-logistic-delivery :: bootstrap/ms-logistic-delivery-infrastructure,com.nurtricenter.logisticdelivery.infrastructure.acl,OptimizadorDeMapasAcl,0,74,0,0,0,19,0,5,0,5
ms-logistic-delivery :: bootstrap/ms-logistic-delivery-infrastructure,com.nurtricenter.logisticdelivery.infrastructure.acl,ProveedorDeMapasNoDisponibleException,0,4,0,0,0,2,0,1,0,1
ms-logistic-delivery :: bootstrap/ms-logistic-delivery-infrastructure,com.nurtricenter.logisticdelivery.infrastructure.projection,ProyectorHistorial,5,209,5,10,2,45,5,11,0,7
ms-logistic-delivery :: bootstrap/ms-logistic-delivery-infrastructure,com.nurtricenter.logisticdelivery.infrastructure.projection,HistorialReadModelJpa,0,74,0,2,0,26,0,7,0,6
ms-logistic-delivery :: bootstrap/ms-logistic-delivery-infrastructure,com.nurtricenter.logisticdelivery.infrastructure.persistence.mapper,RutaJpaMapper,0,177,0,8,0,46,0,11,0,7
ms-logistic-delivery :: bootstrap/ms-logistic-delivery-infrastructure,com.nurtricenter.logisticdelivery.infrastructure.persistence.mapper,EntregaJpaMapper,0,184,0,6,0,47,0,9,0,6
ms-logistic-delivery :: bootstrap/ms-logistic-delivery-infrastructure,com.nurtricenter.logisticdelivery.infrastructure.messaging,RoutingKeys,0,20,0,6,0,7,0,6,0,1
ms-logistic-delivery :: bootstrap/ms-logistic-delivery-infrastructure,com.nurtricenter.logisticdelivery.infrastructure.messaging,CateringStubListener,51,0,2,0,14,0,5,0,4,0
ms-logistic-delivery :: bootstrap/ms-logistic-delivery-infrastructure,com.nurtricenter.logisticdelivery.infrastructure.messaging,EventoIntegracion,0,18,0,0,0,1,0,1,0,1
ms-logistic-delivery :: bootstrap/ms-logistic-delivery-infrastructure,com.nurtricenter.logisticdelivery.infrastructure.messaging,PaquetesListosListener,0,77,0,0,0,17,0,4,0,4
ms-logistic-delivery :: bootstrap/ms-logistic-delivery-infrastructure,com.nurtricenter.logisticdelivery.infrastructure.messaging,NotificacionesStubListener,64,0,2,0,14,0,5,0,4,0
ms-logistic-delivery :: bootstrap/ms-logistic-delivery-infrastructure,com.nurtricenter.logisticdelivery.infrastructure.messaging,RegistroDeIdempotencia,0,19,0,0,0,5,0,3,0,3
ms-logistic-delivery :: bootstrap/ms-logistic-delivery-infrastructure,com.nurtricenter.logisticdelivery.infrastructure.outbox,PublicadorDeEventosOutbox,22,87,4,4,4,21,4,7,0,5
ms-logistic-delivery :: bootstrap/ms-logistic-delivery-infrastructure,com.nurtricenter.logisticdelivery.infrastructure.outbox,PublicadorOutboxScheduler,1,128,1,3,1,29,1,5,0,4
ms-logistic-delivery :: bootstrap/ms-logistic-delivery-infrastructure,com.nurtricenter.logisticdelivery.infrastructure.rest.mapper,RestMapperImpl,20,261,20,20,8,81,18,11,0,9
ms-logistic-delivery :: bootstrap/ms-logistic-delivery-application,com.nurtricenter.logisticdelivery.application,EntidadNoEncontradaException,0,4,0,0,0,2,0,1,0,1
ms-logistic-delivery :: bootstrap/ms-logistic-delivery-application,com.nurtricenter.logisticdelivery.application.usecase.query,ConsultarRutaDelRepartidor,0,68,0,0,0,22,0,4,0,4
ms-logistic-delivery :: bootstrap/ms-logistic-delivery-application,com.nurtricenter.logisticdelivery.application.usecase.query,GeocodificarDireccion,0,12,0,0,0,4,0,2,0,2
ms-logistic-delivery :: bootstrap/ms-logistic-delivery-application,com.nurtricenter.logisticdelivery.application.usecase.query,ConsultarConstanciaDeEntrega,0,11,0,0,0,4,0,2,0,2
ms-logistic-delivery :: bootstrap/ms-logistic-delivery-application,com.nurtricenter.logisticdelivery.application.usecase.query,ConsultarHistorialDeEntregasPorPaciente,0,39,0,4,0,8,0,5,0,3
ms-logistic-delivery :: bootstrap/ms-logistic-delivery-application,com.nurtricenter.logisticdelivery.application.usecase.command,PlanificarRutaDelDiaCommand.Paquete,0,15,0,0,0,1,0,1,0,1
ms-logistic-delivery :: bootstrap/ms-logistic-delivery-application,com.nurtricenter.logisticdelivery.application.usecase.command,PlanificarRutaResultado.EntregaProgramada,0,12,0,0,0,1,0,1,0,1
ms-logistic-delivery :: bootstrap/ms-logistic-delivery-application,com.nurtricenter.logisticdelivery.application.usecase.command,PlanificarRutaDelDiaCommand,0,18,0,0,0,1,0,1,0,1
ms-logistic-delivery :: bootstrap/ms-logistic-delivery-application,com.nurtricenter.logisticdelivery.application.usecase.command,PlanificarRutaResultado,0,9,0,0,0,1,0,1,0,1
ms-logistic-delivery :: bootstrap/ms-logistic-delivery-application,com.nurtricenter.logisticdelivery.application.usecase.command,RegistrarEntregaFallida,7,40,0,0,1,11,1,2,1,2
ms-logistic-delivery :: bootstrap/ms-logistic-delivery-application,com.nurtricenter.logisticdelivery.application.usecase.command,RegistrarEntregaFallidaCommand,0,9,0,0,0,1,0,1,0,1
ms-logistic-delivery :: bootstrap/ms-logistic-delivery-application,com.nurtricenter.logisticdelivery.application.usecase.command,ReintentarEntrega,7,43,0,0,1,12,1,2,1,2
ms-logistic-delivery :: bootstrap/ms-logistic-delivery-application,com.nurtricenter.logisticdelivery.application.usecase.command,ConfirmarEntrega,0,62,0,0,0,17,0,3,0,3
ms-logistic-delivery :: bootstrap/ms-logistic-delivery-application,com.nurtricenter.logisticdelivery.application.usecase.command,ConfirmarEntregaCommand,0,18,0,0,0,1,0,1,0,1
ms-logistic-delivery :: bootstrap/ms-logistic-delivery-application,com.nurtricenter.logisticdelivery.application.usecase.command,ReintentarEntregaCommand,0,6,0,0,0,1,0,1,0,1
ms-logistic-delivery :: bootstrap/ms-logistic-delivery-application,com.nurtricenter.logisticdelivery.application.usecase.command,EjecucionDeRuta,12,69,0,0,4,21,1,7,1,7
ms-logistic-delivery :: bootstrap/ms-logistic-delivery-application,com.nurtricenter.logisticdelivery.application.usecase.command,PlanificarRutaDelDia,0,143,0,4,0,32,0,4,0,2
ms-logistic-delivery :: bootstrap/ms-logistic-delivery-domain,com.nurtricenter.logisticdelivery.domain.entrega,EstadoEntrega,0,37,1,3,0,6,1,3,0,2
ms-logistic-delivery :: bootstrap/ms-logistic-delivery-domain,com.nurtricenter.logisticdelivery.domain.entrega,Entrega,13,242,3,8,2,55,3,19,0,16
ms-logistic-delivery :: bootstrap/ms-logistic-delivery-domain,com.nurtricenter.logisticdelivery.domain.entrega,MotivoFallo,0,27,0,0,0,5,0,1,0,1
ms-logistic-delivery :: bootstrap/ms-logistic-delivery-domain,com.nurtricenter.logisticdelivery.domain.entrega,Intentos,10,55,2,8,2,11,2,7,0,4
ms-logistic-delivery :: bootstrap/ms-logistic-delivery-domain,com.nurtricenter.logisticdelivery.domain.entrega,ConstanciaDeEntrega,1,56,6,8,0,9,6,3,0,2
ms-logistic-delivery :: bootstrap/ms-logistic-delivery-domain,com.nurtricenter.logisticdelivery.domain.service,PoliticaDeReintento.Decision,0,15,0,0,0,3,0,1,0,1
ms-logistic-delivery :: bootstrap/ms-logistic-delivery-domain,com.nurtricenter.logisticdelivery.domain.service,PoliticaDeReintento,0,14,0,2,0,3,0,3,0,2
ms-logistic-delivery :: bootstrap/ms-logistic-delivery-domain,com.nurtricenter.logisticdelivery.domain.service,OptimizadorPorCercania,0,61,0,6,0,18,0,5,0,2
ms-logistic-delivery :: bootstrap/ms-logistic-delivery-domain,com.nurtricenter.logisticdelivery.domain.ruta.event,RutaDeEntregaPlanificada,0,18,0,0,0,1,0,1,0,1
ms-logistic-delivery :: bootstrap/ms-logistic-delivery-domain,com.nurtricenter.logisticdelivery.domain.shared,RepartidorId,8,18,1,1,2,5,2,2,1,2
ms-logistic-delivery :: bootstrap/ms-logistic-delivery-domain,com.nurtricenter.logisticdelivery.domain.shared,Destino,0,57,0,4,0,10,0,8,0,6
ms-logistic-delivery :: bootstrap/ms-logistic-delivery-domain,com.nurtricenter.logisticdelivery.domain.shared,Geolocalizacion,0,99,2,6,0,14,2,4,0,2
ms-logistic-delivery :: bootstrap/ms-logistic-delivery-domain,com.nurtricenter.logisticdelivery.domain.shared,Fecha,10,23,0,0,2,5,2,3,2,3
ms-logistic-delivery :: bootstrap/ms-logistic-delivery-domain,com.nurtricenter.logisticdelivery.domain.shared,ParadaId,0,25,0,0,0,6,0,4,0,4
ms-logistic-delivery :: bootstrap/ms-logistic-delivery-domain,com.nurtricenter.logisticdelivery.domain.shared,EntregaId,0,25,0,0,0,6,0,4,0,4
ms-logistic-delivery :: bootstrap/ms-logistic-delivery-domain,com.nurtricenter.logisticdelivery.domain.shared,Url,10,29,3,3,2,7,3,3,0,3
ms-logistic-delivery :: bootstrap/ms-logistic-delivery-domain,com.nurtricenter.logisticdelivery.domain.shared,RutaId,0,25,0,0,0,6,0,4,0,4
ms-logistic-delivery :: bootstrap/ms-logistic-delivery-domain,com.nurtricenter.logisticdelivery.domain.shared,AggregateRoot,0,23,0,0,0,7,0,3,0,3
ms-logistic-delivery :: bootstrap/ms-logistic-delivery-domain,com.nurtricenter.logisticdelivery.domain.shared,DomainException,0,4,0,0,0,2,0,1,0,1
ms-logistic-delivery :: bootstrap/ms-logistic-delivery-domain,com.nurtricenter.logisticdelivery.domain.shared,PacienteId,5,21,1,1,1,6,1,3,0,3
ms-logistic-delivery :: bootstrap/ms-logistic-delivery-domain,com.nurtricenter.logisticdelivery.domain.shared,PaqueteId,5,21,1,1,1,6,1,3,0,3
ms-logistic-delivery :: bootstrap/ms-logistic-delivery-domain,com.nurtricenter.logisticdelivery.domain.entrega.event,EntregaConfirmada,0,18,0,0,0,1,0,1,0,1
ms-logistic-delivery :: bootstrap/ms-logistic-delivery-domain,com.nurtricenter.logisticdelivery.domain.entrega.event,EntregaNoConcretada,0,12,0,0,0,1,0,1,0,1
ms-logistic-delivery :: bootstrap/ms-logistic-delivery-domain,com.nurtricenter.logisticdelivery.domain.entrega.event,EntregaReprogramada,0,15,0,0,0,1,0,1,0,1
ms-logistic-delivery :: bootstrap/ms-logistic-delivery-domain,com.nurtricenter.logisticdelivery.domain.entrega.event,EntregaFallida,0,15,0,0,0,1,0,1,0,1
ms-logistic-delivery :: bootstrap/ms-logistic-delivery-domain,com.nurtricenter.logisticdelivery.domain.ruta,EstadoRuta,0,21,0,0,0,4,0,1,0,1
ms-logistic-delivery :: bootstrap/ms-logistic-delivery-domain,com.nurtricenter.logisticdelivery.domain.ruta,Parada,33,143,4,10,5,36,5,18,1,15
ms-logistic-delivery :: bootstrap/ms-logistic-delivery-domain,com.nurtricenter.logisticdelivery.domain.ruta,RutaDeEntrega,28,301,4,20,3,73,5,29,1,21
ms-logistic-delivery :: bootstrap/ms-logistic-delivery-domain,com.nurtricenter.logisticdelivery.domain.ruta,EstadoParada,0,37,0,4,0,6,0,4,0,2
